group;id;cb;base;delta;mean_point_estimate;mean_std_err;median_point_estimate;median_std_err;std_dev_point_estimate;std_dev_std_err
MVR_stores_near_real_time_setting;CRDT=with_causal_broadcast_base=3000;TRUE;3000;20;57.19716633;0.08285605569159633;57.0989585;0.06527586872620691;0.8315027739380598;0.09227178758883751
MVR_stores_near_real_time_setting;CRDT=with_causal_broadcast_base=3000;TRUE;3000;40;57.695936270000004;0.060697784017359396;57.6990005;0.08457314670430739;0.6107046940152496;0.04695728758705908
MVR_stores_near_real_time_setting;CRDT=with_causal_broadcast_base=3000;TRUE;3000;60;59.19554878;0.09180025137935456;59.1533125;0.11454121344722608;0.9241827226270871;0.0810238050538413
MVR_stores_near_real_time_setting;CRDT=with_causal_broadcast_base=3000;TRUE;3000;80;59.477071630000005;0.06398646096136969;59.4199375;0.08065544820658166;0.6432279248528142;0.047022986102830254
MVR_stores_near_real_time_setting;CRDT=with_causal_broadcast_base=3000;TRUE;3000;100;60.00539211;0.08909778747380415;60.0132715;0.13555084874398843;0.898917780771596;0.055002615830998004
