group;id;cb;base;delta;mean_point_estimate;mean_std_err;median_point_estimate;median_std_err;std_dev_point_estimate;std_dev_std_err
MVR_stores_near_real_time_setting;CRDT=without_causal_broadcast_base=4000;FALSE;4000;20;0.09754440857142851;0.00019128692688149808;0.09714285714285714;0.0001517654785807201;0.0019222494247539289;0.00026580609166564854
MVR_stores_near_real_time_setting;CRDT=without_causal_broadcast_base=4000;FALSE;4000;40;0.13528636142857142;0.0002072308693019159;0.13490471428571427;0.0001636226320654939;0.002077094459507005;0.00033127036327886916
MVR_stores_near_real_time_setting;CRDT=without_causal_broadcast_base=4000;FALSE;4000;60;0.17703409571428572;0.0009511997090900736;0.17429464285714283;0.0005021906318938278;0.009549102527020764;0.0016667123908470892
MVR_stores_near_real_time_setting;CRDT=without_causal_broadcast_base=4000;FALSE;4000;80;0.20834628142857145;0.0002900330774002071;0.207866;0.00024386510809231603;0.0029101023714978476;0.00021534630035163448
MVR_stores_near_real_time_setting;CRDT=without_causal_broadcast_base=4000;FALSE;4000;100;0.24657077428571428;0.0003589571429477118;0.24622035714285717;0.0004308660337214014;0.0036205924889169583;0.0003007259420489069
