group;id;cb;base;delta;mean_point_estimate;mean_std_err;median_point_estimate;median_std_err;std_dev_point_estimate;std_dev_std_err
MVR_stores_near_real_time_setting;CRDT=with_causal_broadcast_base=1000;TRUE;1000;20;19.732724609999998;0.02037584957290176;19.751167;0.026427131326126563;0.20390865163997882;0.012852098388938952
MVR_stores_near_real_time_setting;CRDT=with_causal_broadcast_base=1000;TRUE;1000;40;20.34649918;0.018962187763362257;20.3155415;0.02334776817124115;0.19078773531009577;0.015673448613264796
MVR_stores_near_real_time_setting;CRDT=with_causal_broadcast_base=1000;TRUE;1000;60;21.10759457;0.037186046584774785;21.040729;0.032941846107291686;0.37440169375386473;0.05042542461763773
MVR_stores_near_real_time_setting;CRDT=with_causal_broadcast_base=1000;TRUE;1000;80;21.61175836;0.023594242537592163;21.646146;0.02958628521198963;0.2369392542860867;0.01539961052406983
MVR_stores_near_real_time_setting;CRDT=with_causal_broadcast_base=1000;TRUE;1000;100;22.26668085;0.02233033917864559;22.236167;0.03135104144784617;0.22454149631891848;0.014840914097492908
