group;id;cb;base;delta;mean_point_estimate;mean_std_err;median_point_estimate;median_std_err;std_dev_point_estimate;std_dev_std_err
MVR_stores_near_real_time_setting;CRDT=without_causal_broadcast_base=1000;FALSE;1000;20;0.0913573275;0.00016345917172833792;0.09108854166666666;0.00008165513772871824;0.0016406894554333471;0.0003766619547947486
MVR_stores_near_real_time_setting;CRDT=without_causal_broadcast_base=1000;FALSE;1000;40;0.1345205054166666;0.00017479114404096534;0.13449129166666668;0.00022324041327951598;0.0017571480517293834;0.00023933720219784734
MVR_stores_near_real_time_setting;CRDT=without_causal_broadcast_base=1000;FALSE;1000;60;0.1723605225;0.00012238849290024045;0.17247397916666668;0.00016389759187217275;0.0012324390540023097;0.00012550579184314329
MVR_stores_near_real_time_setting;CRDT=without_causal_broadcast_base=1000;FALSE;1000;80;0.2069593565217391;0.00021853314490188623;0.2068225;0.00017725036904583875;0.0021987786459711505;0.00032456148369375693
MVR_stores_near_real_time_setting;CRDT=without_causal_broadcast_base=1000;FALSE;1000;100;0.24184350608695665;0.00015000929882907883;0.2417509565217391;0.00014912658198205317;0.001506993662894001;0.0001529504746947483
