group;id;cb;base;delta;mean_point_estimate;mean_std_err;median_point_estimate;median_std_err;std_dev_point_estimate;std_dev_std_err
MVR_stores_near_real_time_setting;CRDT=without_causal_broadcast_base=3000;FALSE;3000;20;0.09810416222222221;0.00039922426400194167;0.09739361111111113;0.00019624067263186183;0.003993774264686411;0.001264279506369325
MVR_stores_near_real_time_setting;CRDT=without_causal_broadcast_base=3000;FALSE;3000;40;0.13466647333333337;0.00014121054759305614;0.13438194444444443;0.00013687935169829572;0.0014191819742898175;0.00016965029975182265
MVR_stores_near_real_time_setting;CRDT=without_causal_broadcast_base=3000;FALSE;3000;60;0.17036346111111114;0.00025196854965125033;0.17002544444444445;0.00024406812831524857;0.002528579535082654;0.00034084229022452974
MVR_stores_near_real_time_setting;CRDT=without_causal_broadcast_base=3000;FALSE;3000;80;0.2065870233333333;0.0003544767888245316;0.20583805555555557;0.0003653991501062757;0.00356159488778974;0.0006931469493445965
MVR_stores_near_real_time_setting;CRDT=without_causal_broadcast_base=3000;FALSE;3000;100;0.2444266533333333;0.00028195238038300897;0.2440186666666667;0.0002590551957745863;0.002834849412489172;0.00026322356573080203
