group;id;cb;base;delta;mean_point_estimate;mean_std_err;median_point_estimate;median_std_err;std_dev_point_estimate;std_dev_std_err
MVR_stores_near_real_time_setting;CRDT=with_causal_broadcast_base=4000;TRUE;4000;20;76.26090251000001;0.08986409070970779;76.189167;0.09817800730933421;0.8997884410502203;0.07657850497387528
MVR_stores_near_real_time_setting;CRDT=with_causal_broadcast_base=4000;TRUE;4000;40;79.06368247;0.22801961349252822;78.638208;0.16500952026914112;2.2892507273285267;0.28593985411469125
MVR_stores_near_real_time_setting;CRDT=with_causal_broadcast_base=4000;TRUE;4000;60;80.50424623;0.14636307322613618;80.3178125;0.13455034161473203;1.477016242009517;0.351982570047035
MVR_stores_near_real_time_setting;CRDT=with_causal_broadcast_base=4000;TRUE;4000;80;80.48971953;0.13376958841591446;80.259583;0.17279636630624468;1.3493009292226925;0.16755315624665446
MVR_stores_near_real_time_setting;CRDT=with_causal_broadcast_base=4000;TRUE;4000;100;83.60576325;0.175193247133679;83.3706455;0.11064901582779188;1.755439109077284;0.35717681829504455
