group;id;cb;base;delta;mean_point_estimate;mean_std_err;median_point_estimate;median_std_err;std_dev_point_estimate;std_dev_std_err
MVR_stores_near_real_time_setting;CRDT=without_causal_broadcast_base=5000;FALSE;5000;20;0.09870362833333332;0.0002605147265266119;0.0981805;0.0002728546486780675;0.002612333535350842;0.0004184143181257811
MVR_stores_near_real_time_setting;CRDT=without_causal_broadcast_base=5000;FALSE;5000;40;0.1359663316666666;0.00020959940060751806;0.13547933333333334;0.00023337571103334968;0.002102620981637307;0.00017721336612850199
MVR_stores_near_real_time_setting;CRDT=without_causal_broadcast_base=5000;FALSE;5000;60;0.17459411166666663;0.0008176014829594496;0.17259025;0.00035630024835855647;0.008199482970343388;0.002136567822407874
MVR_stores_near_real_time_setting;CRDT=without_causal_broadcast_base=5000;FALSE;5000;80;0.2089300766666666;0.0005083507818926309;0.2078819166666667;0.0002514974582571969;0.005147465408866483;0.0016075620945445598
MVR_stores_near_real_time_setting;CRDT=without_causal_broadcast_base=5000;FALSE;5000;100;0.246506395;0.0004567036069783261;0.2452153333333333;0.0003909253835277904;0.0045847364388994375;0.0005743623444149594
