group;id;cb;base;delta;mean_point_estimate;mean_std_err;median_point_estimate;median_std_err;std_dev_point_estimate;std_dev_std_err
MVR_stores_near_real_time_setting;CRDT=with_causal_broadcast_base=2000;TRUE;2000;20;38.408348759999996;0.038805515953204736;38.408;0.05685685000341833;0.3896033121106885;0.021977065337255804
MVR_stores_near_real_time_setting;CRDT=with_causal_broadcast_base=2000;TRUE;2000;40;39.31365251;0.04668080152940529;39.3627705;0.042524943579221666;0.4681783610756317;0.038835601456679414
MVR_stores_near_real_time_setting;CRDT=with_causal_broadcast_base=2000;TRUE;2000;60;39.83630414;0.044186503623503515;39.8049795;0.08052354845341317;0.4420895462424655;0.027795610371536782
MVR_stores_near_real_time_setting;CRDT=with_causal_broadcast_base=2000;TRUE;2000;80;40.55132124;0.04723283798994;40.5159375;0.05930601727524915;0.4747998566628395;0.03370657302041664
MVR_stores_near_real_time_setting;CRDT=with_causal_broadcast_base=2000;TRUE;2000;100;41.7300896;0.07940238314104958;41.6854795;0.0736996098901494;0.7976775282023874;0.07262782343916228
